job,variant,process_seconds,time_reduction_percent,speedup,process_min_seconds,process_max_seconds,loop_seconds,loop_speedup,loop_time_reduction_percent
dh0,before,0.5501740500330925,0.0,1.0,0.5373794999904931,0.7861422002315521,,,
dh0,current,0.5484231999143958,0.3182356780715767,1.0031925165072704,0.5350889996625483,0.5880266996100545,,,
dh5000,before,0.8443645499646664,0.0,1.0,0.8322318000718951,1.0188119001686573,,,
dh5000,current,0.8491839999333024,-0.5707783408052558,0.9943246104860495,0.836361600086093,1.0464989999309182,,,
dh10000,before,1.1082620001398027,0.0,1.0,1.0935663999989629,1.1367175998166203,,,
dh10000,current,1.1059864996932447,0.2053215256203833,1.0020574396226256,1.070125600323081,1.1338682998903096,,,
mp0,before,0.4001662000082433,0.0,1.0,0.3944063000380993,0.40378829976543784,,,
mp0,current,0.4009587001055479,-0.19804273756460766,0.998023486964877,0.3969669998623431,0.4133684001863003,,,
mp1,before,0.5325123001821339,0.0,1.0,0.5234592999331653,1.0026295999996364,,,
mp1,current,0.5293080997653306,0.6017138788545262,1.0060535639228343,0.5266111004166305,0.6994865001179278,,,
mp2,before,0.6398062002845109,0.0,1.0,0.6383883999660611,0.6482781004160643,,,
mp2,current,0.6415250999853015,-0.2686594315632229,0.9973206041340704,0.6314210998825729,0.6483134999871254,,,
mp3,before,1.0936112999916077,0.0,1.0,1.0879301996901631,1.1190268998034298,,,
mp3,current,1.0964370998553932,-0.2583916117003593,0.9974227432981261,1.077975899912417,1.1070499001070857,,,
