project,passed,failed,skipped,trx_sha256
Besm6.Architecture.Tests,40,0,0,cc94ce7bc652e309d7b7c49c5dcbab6e1cbcdb8840dc3a3efc8d9a4fb2548a02
Besm6.Assembler.Tests,29,0,0,9177d735e20325f19062279794bef70fb48222efba12090aa49c8a997c32ae5d
Besm6.BitVisualizer.Tests,57,0,0,2c9c46b2ce53969d86ec7d46834e0b1e10767d3cc47f91d21236152698d1fad2
Besm6.BitVisualizer.WinForms.Tests,19,0,0,8fd44212c87e6f3f81969c7af890f55a72145dca0099fce9328f65bebdcf3ebb
Besm6.Cli.Tests,15,0,0,7fb6efb9e1ccd7a0363f544732606c36a8a4d2b380058c36e767954f4f5e9d25
Besm6.Integration.Tests,426,0,3,095384ab3667347ed5898a35c3193459bce5e0cbab24f383240c509ce0b3f70c
Besm6.Processor.Tests,1610,0,0,45407d100de261ddd57ce4ef360abfb8dc028ab2645dde701a5fb16c4459f948
Besm6.Runtime.Tests,664,0,0,cabfd3d0a1bdb0dc28b5132f278470b6776c94ed4296c193ed7b1e53729c16f1
Besm6.Tui.Tests,44,0,0,1cebb81aec03953819225665ae2d472e76b26015cb54c96337353efef7e3f7c3
