dividend,divisor,candidate,current,y,error,matches_candidate
4050000000000000,4212000000000000,3654631463146315,3654631463146315,000000000000,,True
3654631463146315,4212000000000000,3512172702436561,3512172702436561,000000000000,,True
3512172702436561,4212000000000000,3350142233513616,3350142233513616,000000000000,,True
3350142233513616,4212000000000000,3155066705654344,3155066705654343,000000000000,,False
3155066705654344,4212000000000000,3012370553043435,3012370553043435,000000000000,,True
3012370553043435,4212000000000000,2650306757202661,2650306757202661,000000000000,,True
2650306757202661,4212000000000000,2455327745152750,2455327745152750,000000000000,,True
2455327745152750,4212000000000000,2312571435610606,2312571435610606,000000000000,,True
2312571435610606,4212000000000000,2150456027640470,2150456027640470,000000000000,,True
2150456027640470,4212000000000000,1755574677547300,1755574677547300,000000000000,,True
5417712012400000,4212000000000000,5254556325146315,5254556325146315,000000000000,,True
5254556325146315,4212000000000000,5112130252436561,5112130252436561,000000000000,,True
5112130252436561,4212000000000000,4750106525176764,4750106525176764,000000000000,,True
4750106525176764,4212000000000000,4555012525144606,4555012525144606,000000000000,,True
4555012525144606,4212000000000000,4412325252435322,4412325252435322,000000000000,,True
4412325252435322,4212000000000000,4250252525175733,4250252525175733,000000000000,,True
4250252525175733,4212000000000000,4055252525143054,4055252525143053,000000000000,,False
4055252525143054,4212000000000000,3712525252434043,3712525252434043,000000000000,,True
4254000000000000,4212000000000000,4111463146314632,4111463146314632,000000000000,,True
4410640000000000,4212000000000000,4216063146314632,4216063146314632,000000000000,,True
4216063146314632,4212000000000000,4053217270243656,4053217270243656,000000000000,,True
4110000000000000,4212000000000000,3714631463146315,3714631463146315,000000000000,,True
3714631463146315,4212000000000000,3552172702436561,3552172702436561,000000000000,,True
4114000000000000,4114000000000000,4050000000000000,4050000000000000,000000000000,,True
4265400000000000,4114000000000000,4162000000000000,4162000000000000,000000000000,,True
5060734300000000,4226000000000000,4714034400000000,4714034400000000,000000000000,,True
4314200000000000,4156000000000000,4156000000000000,4156000000000000,000000000000,,True
0000000000000000,4050000000000000,0000000000000000,0000000000000000,AB0000000000,,True
4165641636423237,4015602556425735,4164116726125005,4164116726125005,000000000000,,True
4575463307624056,4450463325655721,4067044517141240,4067044517141240,000000000000,,True
3054375742546422,4354220041675557,2550107445221616,2550107445221616,000000000000,,True
3753054122124157,3712520645735720,4110244506613513,4110244506613514,000000000000,,False
4373200606710060,3552612317110465,4561710370601324,4561710370601326,000000000000,,False
4646522773525544,3765321570412705,4725736513262561,4725736513262561,000000000000,,True
4641657534306563,4660002317432235,3661200255470040,3661200255470030,000000000000,,False
3517116470104251,4064352724645355,3525375755660064,3525375755660064,000000000000,,True
4743617264372132,4354755006707530,4351251445246444,4351251445246444,000000000000,,True
3305672201335774,3150127165750037,4153367230147407,4153367230147406,000000000000,,False
3401341441257737,4053522736326037,3217637311661400,3217637311661400,000000000000,,True
4363674133347162,3567076765625227,4652736103347413,4652736103347413,000000000000,,True
3065200600053437,4350302121276634,2565571636451321,2565571636451321,000000000000,,True
3130110135163532,3767751676423702,3157504311425221,3157504311425221,000000000000,,True
4760201122166312,3063334302563325,5752013520132075,5752013520132076,000000000000,,False
3254551674456007,4217444722156435,3055034512013252,3055034512013251,000000000000,,False
4466432650274772,4757100614434332,3526003402124415,3526003402124415,000000000000,,True
4004760362416020,4522401223607224,3264157417417744,3264157417417744,000000000000,,True
4021124717720262,3112176540202564,4764326507320501,4764326507320500,000000000000,,False
3732244155633637,3126372423046221,4611433650350574,4611433650350574,000000000000,,True
3277637646232255,3726661612047262,3112403755371000,3112403755371000,000000000000,,True
3447026550327121,3114355422553122,4351025740212736,4351025740212736,000000000000,,True
3752114237624125,3311605101232730,4510243210046755,4510243210046756,000000000000,,False
3061203142535273,4651507321240052,2263607053575273,2263607053575273,000000000000,,True
4543656414002423,4553314121755630,3752620527455234,3752620527455236,000000000000,,False
3061260274340200,3360246241230065,3516753101646705,3516753101646705,000000000000,,True
4507363422463703,3314713722437765,5211213761022121,5211213761022121,000000000000,,True
3143443270456310,4527545454575554,2422174063764574,2422174063764574,000000000000,,True
3017064311340256,4113256647270150,2752516177646651,2752516177646651,000000000000,,True
4747640613425420,3611167116707124,5155425150777774,5155425150777775,000000000000,,False
4311053745544001,4457326721553344,3651333002172577,3651333002172577,000000000000,,True
3267634317741422,4251750104143550,3022647470632270,3022647470632270,000000000000,,True
3051024406003173,4713336553153321,2154514222030772,2154514222030771,000000000000,,False
4662630675656201,3463260041460521,5250260366007217,5250260366007216,000000000000,,False
4507771436206364,4760227311512673,3567671341210624,3567671341210624,000000000000,,True
4011211376132072,4565370455010657,3261712562353451,3261712562353451,000000000000,,True
3466122331065740,4515542215704145,2764401172503276,2764401172503276,000000000000,,True
3424234574137766,4111331433617006,3366045733746266,3366045733746266,000000000000,,True
4136654377374362,3357012425102317,4426055266537360,4426055266537360,000000000000,,True
3526115436040131,4654060350060517,2662761264000204,2662761264000204,000000000000,,True
4611647401134307,3065510531232257,5560643704062646,5560643704062647,000000000000,,False
4473427446756177,4020236222212535,4411052552667130,4411052552667130,000000000000,,True
3252335762314613,3722160702445454,3363705152120436,3363705152120437,000000000000,,False
4651606006117415,4667642561104223,4066351214364135,4066351214364135,000000000000,,True
4473264632774416,3651432072372404,4560334521313154,4560334521313154,000000000000,,True
4410563317764442,3613374760640025,4614112561324374,4614112561324373,000000000000,,False
4574222442274546,4712163451626220,3624301572354650,3624301572354650,000000000000,,True
4773062072711720,3215442251127370,5524340027505076,5524340027505076,000000000000,,True
3255312556662205,4317260057414723,2755757764715366,2755757764715365,000000000000,,False
4740254743134013,4410644241555541,4151633116052600,4151633116052600,000000000000,,True
3015577601613751,4114565476231635,2750510104373322,2750510104373322,000000000000,,True
3115721654627710,4427741036053347,2562143435400116,2562143435400116,000000000000,,True
3414262035460002,4723052265445766,2520551131600350,2520551131600350,000000000000,,True
4164711537444445,4463125766410664,3515662102031020,3515662102031020,000000000000,,True
3265775351324443,4156206572531465,3124615533757414,3124615533757414,000000000000,,True
4076701237212443,3157276305742255,4566516473755060,4566516473755060,000000000000,,True
4327136513664216,3224464252255136,5114277604242757,5114277604242757,000000000000,,True
4615212553744332,4125264311411225,4566016677534550,4566016677534550,000000000000,,True
3314226773527032,3755150571311162,3356713517317722,3356713517317722,000000000000,,True
4334117002227771,3415773050333775,4667150261504044,4667150261504044,000000000000,,True
4470531342702303,4263570423552625,4211434673176344,4211434673176345,000000000000,,False
4442526730727017,4722075531307415,3463540762471410,3463540762471410,000000000000,,True
3240405457400362,3560764530003153,3327226036076200,3327226036076200,000000000000,,True
4330114101610445,3510376763430162,4621157315462406,4621157315462405,000000000000,,False
3764713374560445,4427662021441324,3412712246417660,3412712246417660,000000000000,,True
4202161242124136,3625443132733636,4322276077531360,4322276077531360,000000000000,,True
3457735506374207,4522571354000575,3026307300733436,3026307300733436,000000000000,,True
3740013420773065,3755342664374775,3355564111746000,3355564111746000,000000000000,,True
3445401377502020,3555776052421657,3654451561130320,3654451561130322,000000000000,,False
3424033163711576,4220722176416024,3214525726535224,3214525726535223,000000000000,,False
4467373032467010,4713514500543223,3564240021526120,3564240021526121,000000000000,,False
4504233704425730,4417226102255050,4051003362246550,4051003362246550,000000000000,,True
3354760625616733,3557143355507124,3615520744256544,3615520744256544,000000000000,,True
4011102363051462,3317251622313051,4511416205120752,4511416205120753,000000000000,,False
3446365313710514,4552607036107110,2711503145566036,2711503145566036,000000000000,,True
4705402742041307,3757364617106557,4713303773005306,4713303773005306,000000000000,,True
3156642042577756,3612140761503467,3413504030346644,3413504030346644,000000000000,,True
3430747503255304,3357653707003547,4021604313017504,4021604313017504,000000000000,,True
3666707711736014,4413316730777762,3263160211136234,3263160211136234,000000000000,,True
3672325472100634,3551520263602202,4126600070322160,4126600070322160,000000000000,,True
3474714045537234,4562426367377717,2616600407217000,2616600407217000,000000000000,,True
4111344130400373,4760334632232255,3166225673160346,3166225673160346,000000000000,,True
3301737451113466,3056547251477044,4150334431656610,4150334431656610,000000000000,,True
3134730034727224,3424731151011535,3450711145762260,3450711145762260,000000000000,,True
3161424007053540,3723610177641702,3311351477601651,3311351477601652,000000000000,,False
3631172570336260,3315023107167437,4327550144364375,4327550144364375,000000000000,,True
3673735257523010,3520444157726440,4110337310454450,4110337310454450,000000000000,,True
4504632276251152,3126715626465424,5427434524644275,5427434524644275,000000000000,,True
4503016444471212,4250235105273744,4213525106355644,4213525106355644,000000000000,,True
3411067225630247,3524603354443035,3723023613605252,3723023613605252,000000000000,,True
4710413042316614,4257057170407045,4451021372513402,4451021372513402,000000000000,,True
3724411716160244,3422072427604723,4315165113104754,4315165113104755,000000000000,,False
4226211445506313,3150373665366442,5126652137300100,5126652137300100,000000000000,,True
4124456062227451,3417415326523026,4524173650552616,4524173650552617,000000000000,,False
4631506625230103,4056030533074477,4521404375767510,4521404375767510,000000000000,,True
3465224511350417,4157517666561251,3325034114766121,3325034114766121,000000000000,,True
3174747211337250,4013615010272760,3127556530711310,3127556530711310,000000000000,,True
4477765231704453,4466062026530520,3410511600540400,3410511600540400,000000000000,,True
3142154120574031,3253646704317336,3613757026761530,3613757026761524,000000000000,,False
4063340072546234,3316315617033143,4562026321706654,4562026321706654,000000000000,,True
4736126366524372,3110310745756162,5522022464372424,5522022464372430,000000000000,,False
3475144422742611,4113652226312053,3260653710232240,3260653710232244,000000000000,,False
4070565341473170,4727373407432315,3155527751462431,3155527751462432,000000000000,,False
4346561632256700,3315370341362305,5017747215523530,5017747215523530,000000000000,,True
4247213107323551,4550304626326214,3515700727232110,3515700727232107,000000000000,,False
4546240206512757,4550626710040215,4013370301303716,4013370301303716,000000000000,,True
3137255327503014,3052731230714350,3660401646571240,3660401646571240,000000000000,,True
3046472357553247,3125052352731755,3766234637315430,3766234637315430,000000000000,,True
4377636771670041,3356347015550702,4522445645052100,4522445645052100,000000000000,,True
3324275151267501,3013547607305036,4320062427442112,4320062427442112,000000000000,,True
3151766114313214,4454373225535521,2514621634474126,2514621634474125,000000000000,,False
4670071031471321,4356644750075662,4327370063126740,4327370063126737,000000000000,,False
3514132132732704,4761001564310354,2563004555703020,2563004555703017,000000000000,,False
3471253166025252,4514000571275055,2767072137404342,2767072137404342,000000000000,,True
4556056117761443,4064761106654023,4565617114351234,4565617114351234,000000000000,,True
4176030626557471,3067405203133464,5016554416330160,5016554416330154,000000000000,,False
3756421417774360,4663655626645444,3166340365670645,3166340365670646,000000000000,,False
4655166623362524,4113765165052351,4610654352135033,4610654352135033,000000000000,,True
4407130116534026,3351615336255250,5053571731340011,5053571731340011,000000000000,,True
4355060534573126,4321605257540254,4061222326753134,4061222326753134,000000000000,,True
4771305230557636,3561372336672200,5156454401124420,5156454401124420,000000000000,,True
4140715014220260,4022742646425654,4027130376313140,4027130376313130,000000000000,,False
3104065346213607,3667652511107232,3267752713361506,3267752713361507,000000000000,,False
4226356432201157,4227674257133053,4051302101027155,4051302101027155,000000000000,,True
3751767354064701,4620254635262345,3165632310101766,3165632310101766,000000000000,,True
3066034245050406,4167554544213216,2751462730266054,2751462730266054,000000000000,,True
4470757624741125,4727676270237377,3555656662406327,3555656662406327,000000000000,,True
4176206407233040,4465265410603113,3412343423663410,3412343423663410,000000000000,,True
4357067172061135,3751250741374617,4454750463306607,4454750463306610,000000000000,,False
3673471510646230,4653674503113553,2764127232101504,2764127232101504,000000000000,,True
3511347475610205,3014233470456246,4514225335247742,4514225335247743,000000000000,,False
3433535462335372,3657633003275071,3527204010034314,3527204010034316,000000000000,,False
3620046750342260,3566514076624371,4115476703175101,4115476703175101,000000000000,,True
3351210570374175,4167677233443077,3266701025504142,3266701025504143,000000000000,,False
4656153534731567,3551754131115644,5153323127572164,5153323127572164,000000000000,,True
3455030515003333,4726753375744127,2624347746573765,2624347746573766,000000000000,,False
3664621152367270,3214451265747073,4461570327146250,4461570327146247,000000000000,,False
3633704012610423,3123055161013540,4452150273125774,4452150273125776,000000000000,,False
4305466220527002,4152341777065307,4150456236345040,4150456236345040,000000000000,,True
3726724510303146,3053033143255075,4662662713654366,4662662713654366,000000000000,,True
3227452257064015,3426267213403133,3615757342046454,3615757342046454,000000000000,,True
4170313174352352,3056636501546375,5127622317230366,5127622317230366,000000000000,,True
4521070045656116,4325636360026160,4253541102353207,4253541102353207,000000000000,,True
3003011340046507,3252324005770433,3511214605600750,3511214605600750,000000000000,,True
3731134564366770,3712061111634766,4025143044534070,4025143044534070,000000000000,,True
4545331605702541,3651377512466143,4711106532044120,4711106532044120,000000000000,,True
4322325010513063,3561125235004172,4556515764537651,4556515764537651,000000000000,,True
4522573470274061,3716036347640313,4620722522212316,4620722522212316,000000000000,,True
3601124212747065,3211303756121062,4257706276542510,4257706276542510,000000000000,,True
4670212023262271,4453620052365647,4225400633632710,4225400633632707,000000000000,,False
4326656456144523,3313552022456177,5023367013335704,5023367013335704,000000000000,,True
4321114461673634,3766115763250230,4414040625312514,4414040625312514,000000000000,,True
3513052636452765,3410547201502130,4152141156701273,4152141156701272,000000000000,,False
3351045372475010,4557315507454005,2611331757720615,2611331757720615,000000000000,,True
4434101032064522,4210015704625640,4160436777712410,4160436777712410,000000000000,,True
4031733075350313,3723572326674336,4057661737456244,4057661737456244,000000000000,,True
4703611715357117,4421255767766143,4267613343714130,4267613343714130,000000000000,,True
4502670416066774,4116237420604462,4314625161536470,4314625161536470,000000000000,,True
4004466025403173,4511121202563605,3310027336352106,3310027336352105,000000000000,,False
3701664344565256,3655706774436750,3750422407527070,3750422407527070,000000000000,,True
3530055674044270,3224743431531657,4313345374305770,4313345374305770,000000000000,,True
4571016452530162,3113405747775005,5466236675774366,5466236675774366,000000000000,,True
4451034563560765,3713551535126246,4554301263076760,4554301263076760,000000000000,,True
4074675726436174,4024245474724051,4010446443232720,4010446443232720,000000000000,,True
3161505040757137,4756336540235557,2220047501756702,2220047501756702,000000000000,,True
4622764526452114,3155256752661671,5460304165577350,5460304165577347,000000000000,,False
4007406513261021,3160710147210224,4620055005322270,4620055005322270,000000000000,,True
3544427016002335,4416500270233430,3111743275613320,3111743275613320,000000000000,,True
3570457305544140,3154577773511216,4426550505163540,4426550505163540,000000000000,,True
3064172505571034,4352362463343655,2567010651346400,2567010651346400,000000000000,,True
3216361171526772,3651512433507103,3414001125255061,3414001125255060,000000000000,,False
4021760673245222,3367433025607067,4515222674553760,4515222674553760,000000000000,,True
