scope,job,samples_per_variant,baseline_seconds,current_seconds,regression_percent,within_5_percent
RunLoaded,dh5000,5,0.5639483,0.5633888,-0.09921122202157795,True
CLI_combined,dh5000,10,1.008473350200802,0.9567852998152375,-5.125375933362319,True
RunLoaded,dh10000,5,0.8121675,0.8219536,1.2049361738803777,True
CLI_combined,dh10000,15,1.1791671002283692,1.191849899943918,1.0755727252814706,True
RunLoaded,mp1,5,0.2677695,0.2637733,-1.4924029809220252,True
CLI_combined,mp1,10,0.6017569000832736,0.6108600501902401,1.5127620648316187,True
RunLoaded,mp2,5,0.3866061,0.3743046,-3.1819208232875873,True
CLI_combined,mp2,10,0.8136665001511574,0.7850758500862867,-3.5138044960139503,True
RunLoaded,mp3,5,1.0370016,0.9176235,-11.511853019320306,True
CLI_combined,mp3,10,1.3844032497145236,1.241013850318268,-10.357487923105047,True
