job,mode,outer,inner,success,stopped,instructions,expectedInstructions,expectedCycles,modelCycles,loopSeconds,runInstructionsSeconds,resultValue,eventCount,stateSha256,modelSeconds,tempoToleranceSeconds,tempoErrorSeconds,tempoMet,processSeconds,warmup,repetition
empty,max,48,32767,True,True,6291411,6291411,15728405,15728405,1.0292177,1.0346408,19134,0,6ad0d59eb1a15868050d4c97ff4b6277bf32cb429f6b72c1574b790fb85a7fef,1.5728404999999999,0.031456809999999995,-0.5436227999999999,True,1.8259470998309553,True,0
empty,original,48,32767,True,True,6291411,6291411,15728405,15728405,1.5793764,1.5845104,19134,0,6ad0d59eb1a15868050d4c97ff4b6277bf32cb429f6b72c1574b790fb85a7fef,1.5728404999999999,0.031456809999999995,0.006535900000000039,True,1.8888842002488673,True,0
empty,maxbare,48,32767,True,True,6291411,6291411,15728405,,0.8291672,0.8291672,19134,0,6ad0d59eb1a15868050d4c97ff4b6277bf32cb429f6b72c1574b790fb85a7fef,1.5728404999999999,0.031456809999999995,-0.7436732999999999,True,1.1472261999733746,True,0
periodic,max,48,32767,True,True,6291411,6291411,15728405,15728405,1.0855245,1.0907164,19134,62,088ea1c507783569e8eb4492435522df1e000863e8a44fdcc7ba1a7b5b964003,1.5728404999999999,0.031456809999999995,-0.48731599999999986,True,1.4088129000738263,True,0
periodic,original,48,32767,True,True,6291411,6291411,15728405,15728405,1.5767611,1.5823315,19134,62,088ea1c507783569e8eb4492435522df1e000863e8a44fdcc7ba1a7b5b964003,1.5728404999999999,0.031456809999999995,0.003920600000000052,True,1.8959464002400637,True,0
periodic,maxbare,48,32767,True,True,6291411,6291411,15728405,,0.9998167,0.9998167,19134,62,088ea1c507783569e8eb4492435522df1e000863e8a44fdcc7ba1a7b5b964003,1.5728404999999999,0.031456809999999995,-0.5730237999999999,True,1.3147581997327507,True,0
empty,maxbare,48,32767,True,True,6291411,6291411,15728405,,0.8289941,0.8289941,19134,0,6ad0d59eb1a15868050d4c97ff4b6277bf32cb429f6b72c1574b790fb85a7fef,1.5728404999999999,0.031456809999999995,-0.7438463999999999,True,1.1423569000326097,False,1
empty,original,48,32767,True,True,6291411,6291411,15728405,15728405,1.5787888,1.5843016,19134,0,6ad0d59eb1a15868050d4c97ff4b6277bf32cb429f6b72c1574b790fb85a7fef,1.5728404999999999,0.031456809999999995,0.0059483000000002395,True,1.902046900242567,False,1
empty,max,48,32767,True,True,6291411,6291411,15728405,15728405,0.9351795,0.9402902,19134,0,6ad0d59eb1a15868050d4c97ff4b6277bf32cb429f6b72c1574b790fb85a7fef,1.5728404999999999,0.031456809999999995,-0.6376609999999998,True,1.237324200104922,False,1
periodic,maxbare,48,32767,True,True,6291411,6291411,15728405,,0.9058949,0.9058949,19134,62,088ea1c507783569e8eb4492435522df1e000863e8a44fdcc7ba1a7b5b964003,1.5728404999999999,0.031456809999999995,-0.6669455999999999,True,1.2067722999490798,False,1
periodic,original,48,32767,True,True,6291411,6291411,15728405,15728405,1.57938,1.5851262,19134,62,088ea1c507783569e8eb4492435522df1e000863e8a44fdcc7ba1a7b5b964003,1.5728404999999999,0.031456809999999995,0.006539500000000142,True,1.886072600260377,False,1
periodic,max,48,32767,True,True,6291411,6291411,15728405,15728405,1.0348166,1.0398886,19134,62,088ea1c507783569e8eb4492435522df1e000863e8a44fdcc7ba1a7b5b964003,1.5728404999999999,0.031456809999999995,-0.5380238999999998,True,1.3419957999140024,False,1
empty,max,48,32767,True,True,6291411,6291411,15728405,15728405,0.9463709,0.9526488,19134,0,6ad0d59eb1a15868050d4c97ff4b6277bf32cb429f6b72c1574b790fb85a7fef,1.5728404999999999,0.031456809999999995,-0.6264695999999998,True,1.2553782002069056,False,2
empty,original,48,32767,True,True,6291411,6291411,15728405,15728405,1.57314,1.5785399,19134,0,6ad0d59eb1a15868050d4c97ff4b6277bf32cb429f6b72c1574b790fb85a7fef,1.5728404999999999,0.031456809999999995,0.0002995000000001191,True,1.8690069001168013,False,2
empty,maxbare,48,32767,True,True,6291411,6291411,15728405,,0.8297961,0.8297961,19134,0,6ad0d59eb1a15868050d4c97ff4b6277bf32cb429f6b72c1574b790fb85a7fef,1.5728404999999999,0.031456809999999995,-0.7430443999999998,True,1.1360474997200072,False,2
periodic,max,48,32767,True,True,6291411,6291411,15728405,15728405,1.0318621,1.0374348,19134,62,088ea1c507783569e8eb4492435522df1e000863e8a44fdcc7ba1a7b5b964003,1.5728404999999999,0.031456809999999995,-0.5409784,True,1.3430325998924673,False,2
periodic,original,48,32767,True,True,6291411,6291411,15728405,15728405,1.5843093,1.5898066,19134,62,088ea1c507783569e8eb4492435522df1e000863e8a44fdcc7ba1a7b5b964003,1.5728404999999999,0.031456809999999995,0.011468800000000057,True,1.8957564001902938,False,2
periodic,maxbare,48,32767,True,True,6291411,6291411,15728405,,0.9211822,0.9211822,19134,62,088ea1c507783569e8eb4492435522df1e000863e8a44fdcc7ba1a7b5b964003,1.5728404999999999,0.031456809999999995,-0.6516582999999999,True,1.2329707997851074,False,2
empty,maxbare,48,32767,True,True,6291411,6291411,15728405,,0.8261929,0.8261929,19134,0,6ad0d59eb1a15868050d4c97ff4b6277bf32cb429f6b72c1574b790fb85a7fef,1.5728404999999999,0.031456809999999995,-0.7466475999999999,True,1.1271727001294494,False,3
empty,original,48,32767,True,True,6291411,6291411,15728405,15728405,1.578827,1.5846198,19134,0,6ad0d59eb1a15868050d4c97ff4b6277bf32cb429f6b72c1574b790fb85a7fef,1.5728404999999999,0.031456809999999995,0.005986500000000117,True,1.9003338003531098,False,3
empty,max,48,32767,True,True,6291411,6291411,15728405,15728405,1.0074119,1.0127476,19134,0,6ad0d59eb1a15868050d4c97ff4b6277bf32cb429f6b72c1574b790fb85a7fef,1.5728404999999999,0.031456809999999995,-0.5654286,True,1.3301720996387303,False,3
periodic,maxbare,48,32767,True,True,6291411,6291411,15728405,,0.9439465,0.9439465,19134,62,088ea1c507783569e8eb4492435522df1e000863e8a44fdcc7ba1a7b5b964003,1.5728404999999999,0.031456809999999995,-0.6288939999999998,True,1.2465042998082936,False,3
periodic,original,48,32767,True,True,6291411,6291411,15728405,15728405,1.5845913,1.5903108,19134,62,088ea1c507783569e8eb4492435522df1e000863e8a44fdcc7ba1a7b5b964003,1.5728404999999999,0.031456809999999995,0.011750800000000172,True,1.894612000323832,False,3
periodic,max,48,32767,True,True,6291411,6291411,15728405,15728405,1.0331106,1.038716,19134,62,088ea1c507783569e8eb4492435522df1e000863e8a44fdcc7ba1a7b5b964003,1.5728404999999999,0.031456809999999995,-0.5397298999999998,True,1.342167400289327,False,3
empty,max,48,32767,True,True,6291411,6291411,15728405,15728405,0.9330955,0.9382206,19134,0,6ad0d59eb1a15868050d4c97ff4b6277bf32cb429f6b72c1574b790fb85a7fef,1.5728404999999999,0.031456809999999995,-0.6397449999999999,True,1.236328899860382,False,4
empty,original,48,32767,True,True,6291411,6291411,15728405,15728405,1.5838495,1.5892235,19134,0,6ad0d59eb1a15868050d4c97ff4b6277bf32cb429f6b72c1574b790fb85a7fef,1.5728404999999999,0.031456809999999995,0.011009000000000047,True,1.8963446002453566,False,4
empty,maxbare,48,32767,True,True,6291411,6291411,15728405,,0.827148,0.827148,19134,0,6ad0d59eb1a15868050d4c97ff4b6277bf32cb429f6b72c1574b790fb85a7fef,1.5728404999999999,0.031456809999999995,-0.7456924999999999,True,1.1235752003267407,False,4
periodic,max,48,32767,True,True,6291411,6291411,15728405,15728405,1.0291043,1.0346688,19134,62,088ea1c507783569e8eb4492435522df1e000863e8a44fdcc7ba1a7b5b964003,1.5728404999999999,0.031456809999999995,-0.5437361999999999,True,1.3333540000021458,False,4
periodic,original,48,32767,True,True,6291411,6291411,15728405,15728405,1.5731598,1.5782108,19134,62,088ea1c507783569e8eb4492435522df1e000863e8a44fdcc7ba1a7b5b964003,1.5728404999999999,0.031456809999999995,0.00031930000000013337,True,1.8821946997195482,False,4
periodic,maxbare,48,32767,True,True,6291411,6291411,15728405,,0.9844249,0.9844249,19134,62,088ea1c507783569e8eb4492435522df1e000863e8a44fdcc7ba1a7b5b964003,1.5728404999999999,0.031456809999999995,-0.5884155999999998,True,1.407039999961853,False,4
empty,maxbare,48,32767,True,True,6291411,6291411,15728405,,1.3749463,1.3749463,19134,0,6ad0d59eb1a15868050d4c97ff4b6277bf32cb429f6b72c1574b790fb85a7fef,1.5728404999999999,0.031456809999999995,-0.1978941999999999,True,1.7594587998464704,False,5
empty,original,48,32767,True,True,6291411,6291411,15728405,15728405,1.5775999,1.5839138,19134,0,6ad0d59eb1a15868050d4c97ff4b6277bf32cb429f6b72c1574b790fb85a7fef,1.5728404999999999,0.031456809999999995,0.004759400000000191,True,1.8980172998271883,False,5
empty,max,48,32767,True,True,6291411,6291411,15728405,15728405,1.0038452,1.0090483,19134,0,6ad0d59eb1a15868050d4c97ff4b6277bf32cb429f6b72c1574b790fb85a7fef,1.5728404999999999,0.031456809999999995,-0.5689952999999999,True,1.350581900216639,False,5
periodic,maxbare,48,32767,True,True,6291411,6291411,15728405,,0.9804173,0.9804173,19134,62,088ea1c507783569e8eb4492435522df1e000863e8a44fdcc7ba1a7b5b964003,1.5728404999999999,0.031456809999999995,-0.5924231999999998,True,1.28651939984411,False,5
periodic,original,48,32767,True,True,6291411,6291411,15728405,15728405,1.5731307,1.5790622,19134,62,088ea1c507783569e8eb4492435522df1e000863e8a44fdcc7ba1a7b5b964003,1.5728404999999999,0.031456809999999995,0.00029020000000024027,True,1.878351700026542,False,5
periodic,max,48,32767,True,True,6291411,6291411,15728405,15728405,1.0715262,1.0768801,19134,62,088ea1c507783569e8eb4492435522df1e000863e8a44fdcc7ba1a7b5b964003,1.5728404999999999,0.031456809999999995,-0.5013142999999998,True,1.3737766998820007,False,5
