id,steps,initial_A,initial_Y,initial_R,expected_A,expected_Y,expected_R,expected_C,expected_applyC,expected_M,expected_K,expected_right,expected_ticks,expected_error,book_defined,differences,sources
add-flags0,1,889000000000,AB1234567890,36,88F000000000,000000000000,48,0,False,0;0;0;7;0;0;0;0;0;0;0;0;0;0;0;16384,8,True,1,,a;y;r;m;k,[],book/fortran-1976/01-besm6.md#section-2;book/fortran-1976/01-besm6.md#section-5;book/fortran-1976/05-appendices.md
subtract-flags0,1,889000000000,AB1234567890,36,84C000000000,000000000000,48,0,False,0;0;0;7;0;0;0;0;0;0;0;0;0;0;0;16384,8,True,1,,a;y;r;m;k,[],book/fortran-1976/01-besm6.md#section-2;book/fortran-1976/01-besm6.md#section-5;book/fortran-1976/05-appendices.md
reverse-subtract-flags0,1,889000000000,AB1234567890,36,854000000000,000000000000,48,0,False,0;0;0;7;0;0;0;0;0;0;0;0;0;0;0;16384,8,True,1,,a;y;r;m;k,[],book/fortran-1976/01-besm6.md#section-2;book/fortran-1976/01-besm6.md#section-5;book/fortran-1976/05-appendices.md
modulus-subtract-flags0,1,874000000000,AB1234567890,36,854000000000,000000000000,48,0,False,0;0;0;7;0;0;0;0;0;0;0;0;0;0;0;16384,8,True,1,,a;y;r;m;k,[],book/fortran-1976/01-besm6.md#section-2;book/fortran-1976/01-besm6.md#section-5;book/fortran-1976/05-appendices.md
multiply-flags0,1,889000000000,AB1234567890,36,8CD800000000,000000000000,40,0,False,0;0;0;7;0;0;0;0;0;0;0;0;0;0;0;16384,8,True,1,,a;y;r;m;k,[],book/fortran-1976/01-besm6.md#section-2;book/fortran-1976/01-besm6.md#section-5;book/fortran-1976/05-appendices.md
multiply-negative-flags0,1,897000000000,AB1234567890,36,8D2800000000,000000000000,40,0,False,0;0;0;7;0;0;0;0;0;0;0;0;0;0;0;16384,8,True,1,,a;y;r;m;k,[],book/fortran-1976/01-besm6.md#section-2;book/fortran-1976/01-besm6.md#section-5;book/fortran-1976/05-appendices.md
round-even-lsb-flags0,1,808000000000,AB1234567890,36,808000000001,008000000000,48,0,False,0;0;0;7;0;0;0;0;0;0;0;0;0;0;0;16384,8,True,1,,a;y;r;m;k,[],book/fortran-1976/01-besm6.md#section-2;book/fortran-1976/01-besm6.md#section-5;book/fortran-1976/05-appendices.md
round-odd-lsb-flags0,1,808000000001,AB1234567890,36,808000000001,008000000000,48,0,False,0;0;0;7;0;0;0;0;0;0;0;0;0;0;0;16384,8,True,1,,a;y;r;m;k,[],book/fortran-1976/01-besm6.md#section-2;book/fortran-1976/01-besm6.md#section-5;book/fortran-1976/05-appendices.md
normalize-tail-flags0,1,808000000001,AB1234567890,36,32C000000000,000000000000,48,0,False,0;0;0;7;0;0;0;0;0;0;0;0;0;0;0;16384,8,True,1,,a;y;r;m;k,[],book/fortran-1976/01-besm6.md#section-2;book/fortran-1976/01-besm6.md#section-5;book/fortran-1976/05-appendices.md
multiply-tail-flags0,1,808000000001,AB1234567890,36,7E8000000003,000000000002,40,0,False,0;0;0;7;0;0;0;0;0;0;0;0;0;0;0;16384,8,True,1,,a;y;r;m;k,[],book/fortran-1976/01-besm6.md#section-2;book/fortran-1976/01-besm6.md#section-5;book/fortran-1976/05-appendices.md
add-flags1,1,889000000000,AB1234567890,37,88F000000000,000000000000,49,0,False,0;0;0;7;0;0;0;0;0;0;0;0;0;0;0;16384,8,True,1,,a;y;r;m;k,[],book/fortran-1976/01-besm6.md#section-2;book/fortran-1976/01-besm6.md#section-5;book/fortran-1976/05-appendices.md
subtract-flags1,1,889000000000,AB1234567890,37,883000000000,000000000000,49,0,False,0;0;0;7;0;0;0;0;0;0;0;0;0;0;0;16384,8,True,1,,a;y;r;m;k,[],book/fortran-1976/01-besm6.md#section-2;book/fortran-1976/01-besm6.md#section-5;book/fortran-1976/05-appendices.md
reverse-subtract-flags1,1,889000000000,AB1234567890,37,89D000000000,000000000000,49,0,False,0;0;0;7;0;0;0;0;0;0;0;0;0;0;0;16384,8,True,1,,a;y;r;m;k,[],book/fortran-1976/01-besm6.md#section-2;book/fortran-1976/01-besm6.md#section-5;book/fortran-1976/05-appendices.md
modulus-subtract-flags1,1,874000000000,AB1234567890,37,89D000000000,000000000000,49,0,False,0;0;0;7;0;0;0;0;0;0;0;0;0;0;0;16384,8,True,1,,a;y;r;m;k,[],book/fortran-1976/01-besm6.md#section-2;book/fortran-1976/01-besm6.md#section-5;book/fortran-1976/05-appendices.md
multiply-flags1,1,889000000000,AB1234567890,37,8E6C00000000,000000000000,41,0,False,0;0;0;7;0;0;0;0;0;0;0;0;0;0;0;16384,8,True,1,,a;y;r;m;k,[],book/fortran-1976/01-besm6.md#section-2;book/fortran-1976/01-besm6.md#section-5;book/fortran-1976/05-appendices.md
multiply-negative-flags1,1,897000000000,AB1234567890,37,8F9400000000,000000000000,41,0,False,0;0;0;7;0;0;0;0;0;0;0;0;0;0;0;16384,8,True,1,,a;y;r;m;k,[],book/fortran-1976/01-besm6.md#section-2;book/fortran-1976/01-besm6.md#section-5;book/fortran-1976/05-appendices.md
round-even-lsb-flags1,1,808000000000,AB1234567890,37,808000000001,008000000000,49,0,False,0;0;0;7;0;0;0;0;0;0;0;0;0;0;0;16384,8,True,1,,a;y;r;m;k,[],book/fortran-1976/01-besm6.md#section-2;book/fortran-1976/01-besm6.md#section-5;book/fortran-1976/05-appendices.md
round-odd-lsb-flags1,1,808000000001,AB1234567890,37,808000000001,008000000000,49,0,False,0;0;0;7;0;0;0;0;0;0;0;0;0;0;0;16384,8,True,1,,a;y;r;m;k,[],book/fortran-1976/01-besm6.md#section-2;book/fortran-1976/01-besm6.md#section-5;book/fortran-1976/05-appendices.md
normalize-tail-flags1,1,808000000001,AB1234567890,37,800000000001,008000000000,49,0,False,0;0;0;7;0;0;0;0;0;0;0;0;0;0;0;16384,8,True,1,,a;y;r;m;k,[],book/fortran-1976/01-besm6.md#section-2;book/fortran-1976/01-besm6.md#section-5;book/fortran-1976/05-appendices.md
multiply-tail-flags1,1,808000000001,AB1234567890,37,804000000001,000000000001,41,0,False,0;0;0;7;0;0;0;0;0;0;0;0;0;0;0;16384,8,True,1,,a;y;r;m;k,[],book/fortran-1976/01-besm6.md#section-2;book/fortran-1976/01-besm6.md#section-5;book/fortran-1976/05-appendices.md
add-flags2,1,889000000000,AB1234567890,38,88F000000000,000000000000,50,0,False,0;0;0;7;0;0;0;0;0;0;0;0;0;0;0;16384,8,True,1,,a;y;r;m;k,[],book/fortran-1976/01-besm6.md#section-2;book/fortran-1976/01-besm6.md#section-5;book/fortran-1976/05-appendices.md
subtract-flags2,1,889000000000,AB1234567890,38,84C000000000,000000000000,50,0,False,0;0;0;7;0;0;0;0;0;0;0;0;0;0;0;16384,8,True,1,,a;y;r;m;k,[],book/fortran-1976/01-besm6.md#section-2;book/fortran-1976/01-besm6.md#section-5;book/fortran-1976/05-appendices.md
reverse-subtract-flags2,1,889000000000,AB1234567890,38,854000000000,000000000000,50,0,False,0;0;0;7;0;0;0;0;0;0;0;0;0;0;0;16384,8,True,1,,a;y;r;m;k,[],book/fortran-1976/01-besm6.md#section-2;book/fortran-1976/01-besm6.md#section-5;book/fortran-1976/05-appendices.md
modulus-subtract-flags2,1,874000000000,AB1234567890,38,854000000000,000000000000,50,0,False,0;0;0;7;0;0;0;0;0;0;0;0;0;0;0;16384,8,True,1,,a;y;r;m;k,[],book/fortran-1976/01-besm6.md#section-2;book/fortran-1976/01-besm6.md#section-5;book/fortran-1976/05-appendices.md
multiply-flags2,1,889000000000,AB1234567890,38,8CD800000000,000000000000,42,0,False,0;0;0;7;0;0;0;0;0;0;0;0;0;0;0;16384,8,True,1,,a;y;r;m;k,[],book/fortran-1976/01-besm6.md#section-2;book/fortran-1976/01-besm6.md#section-5;book/fortran-1976/05-appendices.md
multiply-negative-flags2,1,897000000000,AB1234567890,38,8D2800000000,000000000000,42,0,False,0;0;0;7;0;0;0;0;0;0;0;0;0;0;0;16384,8,True,1,,a;y;r;m;k,[],book/fortran-1976/01-besm6.md#section-2;book/fortran-1976/01-besm6.md#section-5;book/fortran-1976/05-appendices.md
round-even-lsb-flags2,1,808000000000,AB1234567890,38,808000000000,008000000000,50,0,False,0;0;0;7;0;0;0;0;0;0;0;0;0;0;0;16384,8,True,1,,a;y;r;m;k,[],book/fortran-1976/01-besm6.md#section-2;book/fortran-1976/01-besm6.md#section-5;book/fortran-1976/05-appendices.md
round-odd-lsb-flags2,1,808000000001,AB1234567890,38,808000000001,008000000000,50,0,False,0;0;0;7;0;0;0;0;0;0;0;0;0;0;0;16384,8,True,1,,a;y;r;m;k,[],book/fortran-1976/01-besm6.md#section-2;book/fortran-1976/01-besm6.md#section-5;book/fortran-1976/05-appendices.md
normalize-tail-flags2,1,808000000001,AB1234567890,38,32C000000000,000000000000,50,0,False,0;0;0;7;0;0;0;0;0;0;0;0;0;0;0;16384,8,True,1,,a;y;r;m;k,[],book/fortran-1976/01-besm6.md#section-2;book/fortran-1976/01-besm6.md#section-5;book/fortran-1976/05-appendices.md
multiply-tail-flags2,1,808000000001,AB1234567890,38,7E8000000002,000000000002,42,0,False,0;0;0;7;0;0;0;0;0;0;0;0;0;0;0;16384,8,True,1,,a;y;r;m;k,[],book/fortran-1976/01-besm6.md#section-2;book/fortran-1976/01-besm6.md#section-5;book/fortran-1976/05-appendices.md
add-flags3,1,889000000000,AB1234567890,39,88F000000000,000000000000,51,0,False,0;0;0;7;0;0;0;0;0;0;0;0;0;0;0;16384,8,True,1,,a;y;r;m;k,[],book/fortran-1976/01-besm6.md#section-2;book/fortran-1976/01-besm6.md#section-5;book/fortran-1976/05-appendices.md
subtract-flags3,1,889000000000,AB1234567890,39,883000000000,000000000000,51,0,False,0;0;0;7;0;0;0;0;0;0;0;0;0;0;0;16384,8,True,1,,a;y;r;m;k,[],book/fortran-1976/01-besm6.md#section-2;book/fortran-1976/01-besm6.md#section-5;book/fortran-1976/05-appendices.md
reverse-subtract-flags3,1,889000000000,AB1234567890,39,89D000000000,000000000000,51,0,False,0;0;0;7;0;0;0;0;0;0;0;0;0;0;0;16384,8,True,1,,a;y;r;m;k,[],book/fortran-1976/01-besm6.md#section-2;book/fortran-1976/01-besm6.md#section-5;book/fortran-1976/05-appendices.md
modulus-subtract-flags3,1,874000000000,AB1234567890,39,89D000000000,000000000000,51,0,False,0;0;0;7;0;0;0;0;0;0;0;0;0;0;0;16384,8,True,1,,a;y;r;m;k,[],book/fortran-1976/01-besm6.md#section-2;book/fortran-1976/01-besm6.md#section-5;book/fortran-1976/05-appendices.md
multiply-flags3,1,889000000000,AB1234567890,39,8E6C00000000,000000000000,43,0,False,0;0;0;7;0;0;0;0;0;0;0;0;0;0;0;16384,8,True,1,,a;y;r;m;k,[],book/fortran-1976/01-besm6.md#section-2;book/fortran-1976/01-besm6.md#section-5;book/fortran-1976/05-appendices.md
multiply-negative-flags3,1,897000000000,AB1234567890,39,8F9400000000,000000000000,43,0,False,0;0;0;7;0;0;0;0;0;0;0;0;0;0;0;16384,8,True,1,,a;y;r;m;k,[],book/fortran-1976/01-besm6.md#section-2;book/fortran-1976/01-besm6.md#section-5;book/fortran-1976/05-appendices.md
round-even-lsb-flags3,1,808000000000,AB1234567890,39,808000000000,008000000000,51,0,False,0;0;0;7;0;0;0;0;0;0;0;0;0;0;0;16384,8,True,1,,a;y;r;m;k,[],book/fortran-1976/01-besm6.md#section-2;book/fortran-1976/01-besm6.md#section-5;book/fortran-1976/05-appendices.md
round-odd-lsb-flags3,1,808000000001,AB1234567890,39,808000000001,008000000000,51,0,False,0;0;0;7;0;0;0;0;0;0;0;0;0;0;0;16384,8,True,1,,a;y;r;m;k,[],book/fortran-1976/01-besm6.md#section-2;book/fortran-1976/01-besm6.md#section-5;book/fortran-1976/05-appendices.md
normalize-tail-flags3,1,808000000001,AB1234567890,39,800000000001,008000000000,51,0,False,0;0;0;7;0;0;0;0;0;0;0;0;0;0;0;16384,8,True,1,,a;y;r;m;k,[],book/fortran-1976/01-besm6.md#section-2;book/fortran-1976/01-besm6.md#section-5;book/fortran-1976/05-appendices.md
multiply-tail-flags3,1,808000000001,AB1234567890,39,804000000001,000000000001,43,0,False,0;0;0;7;0;0;0;0;0;0;0;0;0;0;0;16384,8,True,1,,a;y;r;m;k,[],book/fortran-1976/01-besm6.md#section-2;book/fortran-1976/01-besm6.md#section-5;book/fortran-1976/05-appendices.md
divide-9-by-6-flags0,1,889000000000,AB1234567890,36,82C000000000,000000000000,40,0,False,0;0;0;7;0;0;0;0;0;0;0;0;0;0;0;16384,8,True,1,,a;r;m;k,[],book/fortran-1976/01-besm6.md#section-2;book/fortran-1976/01-besm6.md#section-5;book/fortran-1976/05-appendices.md
divide--9-by-6-flags0,1,897000000000,AB1234567890,36,834000000000,000000000000,40,0,False,0;0;0;7;0;0;0;0;0;0;0;0;0;0;0;16384,8,True,1,,a;r;m;k,[],book/fortran-1976/01-besm6.md#section-2;book/fortran-1976/01-besm6.md#section-5;book/fortran-1976/05-appendices.md
divide-9-by--6-flags0,1,889000000000,AB1234567890,36,834000000000,000000000000,40,0,False,0;0;0;7;0;0;0;0;0;0;0;0;0;0;0;16384,8,True,1,,a;r;m;k,[],book/fortran-1976/01-besm6.md#section-2;book/fortran-1976/01-besm6.md#section-5;book/fortran-1976/05-appendices.md
divide--9-by--6-flags0,1,897000000000,AB1234567890,36,82C000000000,000000000000,40,0,False,0;0;0;7;0;0;0;0;0;0;0;0;0;0;0;16384,8,True,1,,a;r;m;k,[],book/fortran-1976/01-besm6.md#section-2;book/fortran-1976/01-besm6.md#section-5;book/fortran-1976/05-appendices.md
divide-1-by-2-flags0,1,828000000000,AB1234567890,36,808000000000,000000000000,40,0,False,0;0;0;7;0;0;0;0;0;0;0;0;0;0;0;16384,8,True,1,,a;r;m;k,[],book/fortran-1976/01-besm6.md#section-2;book/fortran-1976/01-besm6.md#section-5;book/fortran-1976/05-appendices.md
divide-0-by-6-flags0,1,000000000000,AB1234567890,36,000000000000,AB0000000000,40,0,False,0;0;0;7;0;0;0;0;0;0;0;0;0;0;0;16384,8,True,1,,a;r;m;k,[],book/fortran-1976/01-besm6.md#section-2;book/fortran-1976/01-besm6.md#section-5;book/fortran-1976/05-appendices.md
divide-9-by-6-flags2,1,889000000000,AB1234567890,38,82C000000000,000000000000,42,0,False,0;0;0;7;0;0;0;0;0;0;0;0;0;0;0;16384,8,True,1,,a;r;m;k,[],book/fortran-1976/01-besm6.md#section-2;book/fortran-1976/01-besm6.md#section-5;book/fortran-1976/05-appendices.md
divide--9-by-6-flags2,1,897000000000,AB1234567890,38,834000000000,000000000000,42,0,False,0;0;0;7;0;0;0;0;0;0;0;0;0;0;0;16384,8,True,1,,a;r;m;k,[],book/fortran-1976/01-besm6.md#section-2;book/fortran-1976/01-besm6.md#section-5;book/fortran-1976/05-appendices.md
divide-9-by--6-flags2,1,889000000000,AB1234567890,38,834000000000,000000000000,42,0,False,0;0;0;7;0;0;0;0;0;0;0;0;0;0;0;16384,8,True,1,,a;r;m;k,[],book/fortran-1976/01-besm6.md#section-2;book/fortran-1976/01-besm6.md#section-5;book/fortran-1976/05-appendices.md
divide--9-by--6-flags2,1,897000000000,AB1234567890,38,82C000000000,000000000000,42,0,False,0;0;0;7;0;0;0;0;0;0;0;0;0;0;0;16384,8,True,1,,a;r;m;k,[],book/fortran-1976/01-besm6.md#section-2;book/fortran-1976/01-besm6.md#section-5;book/fortran-1976/05-appendices.md
divide-1-by-2-flags2,1,828000000000,AB1234567890,38,808000000000,000000000000,42,0,False,0;0;0;7;0;0;0;0;0;0;0;0;0;0;0;16384,8,True,1,,a;r;m;k,[],book/fortran-1976/01-besm6.md#section-2;book/fortran-1976/01-besm6.md#section-5;book/fortran-1976/05-appendices.md
divide-0-by-6-flags2,1,000000000000,AB1234567890,38,000000000000,AB0000000000,42,0,False,0;0;0;7;0;0;0;0;0;0;0;0;0;0;0;16384,8,True,1,,a;r;m;k,[],book/fortran-1976/01-besm6.md#section-2;book/fortran-1976/01-besm6.md#section-5;book/fortran-1976/05-appendices.md
load,1,123456789ABC,AB1234567890,51,FEDCBA987654,AB1234567890,39,0,False,0;0;0;7;0;0;0;0;0;0;0;0;0;0;0;16384,8,True,1,,a;y;r;m;k,[],book/fortran-1976/05-appendices.md
and,1,123456789ABC,AB1234567890,51,000056780000,000000000000,39,0,False,0;0;0;7;0;0;0;0;0;0;0;0;0;0;0;16384,8,True,1,,a;y;r;m;k,[],book/fortran-1976/05-appendices.md
xor,1,123456789ABC,AB1234567890,51,1234A9879ABC,123456789ABC,39,0,False,0;0;0;7;0;0;0;0;0;0;0;0;0;0;0;16384,8,True,1,,a;y;r;m;k,[],book/fortran-1976/05-appendices.md
or,1,123456789ABC,AB1234567890,51,1234FFFF9ABC,000000000000,39,0,False,0;0;0;7;0;0;0;0;0;0;0;0;0;0;0;16384,8,True,1,,a;y;r;m;k,[],book/fortran-1976/05-appendices.md
cyclic-carry,1,FFFFFFFFFFFF,AB1234567890,51,000000000001,000000000000,43,0,False,0;0;0;7;0;0;0;0;0;0;0;0;0;0;0;16384,8,True,1,,a;y;r;m;k,[],book/fortran-1976/05-appendices.md
store-preserves-registers,1,123456789ABC,AB1234567890,38,123456789ABC,AB1234567890,38,0,False,0;0;0;7;0;0;0;0;0;0;0;0;0;0;0;16384,8,True,1,,a;y;r;m;k,[],book/fortran-1976/05-appendices.md
change-sign-1,1,889000000000,AB1234567890,38,889000000000,000000000000,50,0,False,0;0;0;7;0;0;0;0;0;0;0;0;0;0;0;16384,8,True,1,,a;y;r;m;k,[],book/fortran-1976/01-besm6.md#section-2;book/fortran-1976/01-besm6.md#section-5;book/fortran-1976/05-appendices.md
change-sign--1,1,889000000000,AB1234567890,38,897000000000,000000000000,50,0,False,0;0;0;7;0;0;0;0;0;0;0;0;0;0;0;16384,8,True,1,,a;y;r;m;k,[],book/fortran-1976/01-besm6.md#section-2;book/fortran-1976/01-besm6.md#section-5;book/fortran-1976/05-appendices.md
accumulator-to-index-low15,1,123456789ABC,AB1234567890,38,123456789ABC,AB1234567890,38,0,False,0;0;0;6844;0;0;0;0;0;0;0;0;0;0;0;16384,8,True,1,,a;y;r;m;k,[],book/fortran-1976/01-besm6.md#section-4;book/fortran-1976/05-appendices.md
index-to-accumulator,1,123456789ABC,AB1234567890,51,000000000007,AB1234567890,39,0,False,0;0;0;7;0;0;0;0;0;0;0;0;0;0;0;16384,8,True,1,,a;y;r;m;k,[],book/fortran-1976/01-besm6.md#section-4;book/fortran-1976/05-appendices.md
index-copy,1,123456789ABC,AB1234567890,38,123456789ABC,AB1234567890,38,0,False,0;0;7;7;0;0;0;0;0;0;0;0;0;0;0;16384,8,True,1,,a;y;r;m;k,[],book/fortran-1976/01-besm6.md#section-4;book/fortran-1976/05-appendices.md
index-add,1,123456789ABC,AB1234567890,38,123456789ABC,AB1234567890,38,0,False,0;0;0;7;0;0;0;0;0;0;0;0;0;0;0;16391,8,True,1,,a;y;r;m;k,[],book/fortran-1976/01-besm6.md#section-4;book/fortran-1976/05-appendices.md
ntr-0,1,123456789ABC,AB1234567890,38,123456789ABC,AB1234567890,0,0,False,0;0;0;7;0;0;0;0;0;0;0;0;0;0;0;16384,8,True,1,,a;y;r;m;k,[],book/fortran-1976/05-appendices.md
ntr-1,1,123456789ABC,AB1234567890,38,123456789ABC,AB1234567890,1,0,False,0;0;0;7;0;0;0;0;0;0;0;0;0;0;0;16384,8,True,1,,a;y;r;m;k,[],book/fortran-1976/05-appendices.md
ntr-2,1,123456789ABC,AB1234567890,38,123456789ABC,AB1234567890,2,0,False,0;0;0;7;0;0;0;0;0;0;0;0;0;0;0;16384,8,True,1,,a;y;r;m;k,[],book/fortran-1976/05-appendices.md
ntr-3,1,123456789ABC,AB1234567890,38,123456789ABC,AB1234567890,3,0,False,0;0;0;7;0;0;0;0;0;0;0;0;0;0;0;16384,8,True,1,,a;y;r;m;k,[],book/fortran-1976/05-appendices.md
ntr-6,1,123456789ABC,AB1234567890,38,123456789ABC,AB1234567890,6,0,False,0;0;0;7;0;0;0;0;0;0;0;0;0;0;0;16384,8,True,1,,a;y;r;m;k,[],book/fortran-1976/05-appendices.md
ntr-19,1,123456789ABC,AB1234567890,38,123456789ABC,AB1234567890,19,0,False,0;0;0;7;0;0;0;0;0;0;0;0;0;0;0;16384,8,True,1,,a;y;r;m;k,[],book/fortran-1976/05-appendices.md
ntr-32,1,123456789ABC,AB1234567890,38,123456789ABC,AB1234567890,32,0,False,0;0;0;7;0;0;0;0;0;0;0;0;0;0;0;16384,8,True,1,,a;y;r;m;k,[],book/fortran-1976/05-appendices.md
ntr-63,1,123456789ABC,AB1234567890,38,123456789ABC,AB1234567890,63,0,False,0;0;0;7;0;0;0;0;0;0;0;0;0;0;0;16384,8,True,1,,a;y;r;m;k,[],book/fortran-1976/05-appendices.md
utc-sets-c,1,123456789ABC,AB1234567890,38,123456789ABC,AB1234567890,38,3,True,0;0;0;7;0;0;0;0;0;0;0;0;0;0;0;16384,8,True,1,,a;y;r;m;k,[],book/fortran-1976/01-besm6.md#section-4;book/fortran-1976/05-appendices.md
utc-one-command,2,123456789ABC,AB1234567890,38,123456789ABC,AB1234567890,38,3,False,0;0;8;7;0;0;0;0;0;0;0;0;0;0;0;16384,9,False,2,,a;y;r;m;k,[],book/fortran-1976/01-besm6.md#section-4;book/fortran-1976/05-appendices.md
wtc-sets-c,1,123456789ABC,AB1234567890,38,123456789ABC,AB1234567890,38,3,True,0;0;0;7;0;0;0;0;0;0;0;0;0;0;0;16384,8,True,1,,a;y;r;m;k,[],book/fortran-1976/01-besm6.md#section-4;book/fortran-1976/05-appendices.md
wtc-one-command,2,123456789ABC,AB1234567890,38,123456789ABC,AB1234567890,38,3,False,0;0;8;7;0;0;0;0;0;0;0;0;0;0;0;16384,9,False,2,,a;y;r;m;k,[],book/fortran-1976/01-besm6.md#section-4;book/fortran-1976/05-appendices.md
utc-address-wrap,2,123456789ABC,AB1234567890,38,123456789ABC,AB1234567890,38,32767,False,0;0;4;7;0;0;0;0;0;0;0;0;0;0;0;16384,9,False,2,,a;y;r;m;k,[],book/fortran-1976/01-besm6.md#section-4;book/fortran-1976/05-appendices.md
index-address-wrap,1,123456789ABC,AB1234567890,38,123456789ABC,AB1234567890,38,0,False,0;0;0;6;0;0;0;0;0;0;0;0;0;0;0;16384,8,True,1,,a;y;r;m;k,[],book/fortran-1976/01-besm6.md#section-4;book/fortran-1976/05-appendices.md
branch-176-group4-a0,1,000000000000,AB1234567890,39,000000000000,000000000000,39,0,False,0;0;0;7;0;0;0;0;0;0;0;0;0;0;0;16384,16,False,1,,a;y;r;m;k,[],book/fortran-1976/01-besm6.md#section-4;book/fortran-1976/05-appendices.md
branch-184-group4-a0,1,000000000000,AB1234567890,39,000000000000,000000000000,39,0,False,0;0;0;7;0;0;0;0;0;0;0;0;0;0;0;16384,8,True,1,,a;y;r;m;k,[],book/fortran-1976/01-besm6.md#section-4;book/fortran-1976/05-appendices.md
branch-176-group4-a1,1,000000000001,AB1234567890,39,000000000001,000000000001,39,0,False,0;0;0;7;0;0;0;0;0;0;0;0;0;0;0;16384,8,True,1,,a;y;r;m;k,"[{""field"": ""y"", ""book"": ""000000000000"", ""issue"": ""BOOK-Y-BRANCH""}]",book/fortran-1976/01-besm6.md#section-4;book/fortran-1976/05-appendices.md
branch-184-group4-a1,1,000000000001,AB1234567890,39,000000000001,000000000001,39,0,False,0;0;0;7;0;0;0;0;0;0;0;0;0;0;0;16384,16,False,1,,a;y;r;m;k,"[{""field"": ""y"", ""book"": ""000000000000"", ""issue"": ""BOOK-Y-BRANCH""}]",book/fortran-1976/01-besm6.md#section-4;book/fortran-1976/05-appendices.md
branch-176-group8-a808000000000,1,808000000000,AB1234567890,43,808000000000,808000000000,43,0,False,0;0;0;7;0;0;0;0;0;0;0;0;0;0;0;16384,16,False,1,,a;y;r;m;k,"[{""field"": ""y"", ""book"": ""000000000000"", ""issue"": ""BOOK-Y-BRANCH""}]",book/fortran-1976/01-besm6.md#section-4;book/fortran-1976/05-appendices.md
branch-184-group8-a808000000000,1,808000000000,AB1234567890,43,808000000000,808000000000,43,0,False,0;0;0;7;0;0;0;0;0;0;0;0;0;0;0;16384,8,True,1,,a;y;r;m;k,"[{""field"": ""y"", ""book"": ""000000000000"", ""issue"": ""BOOK-Y-BRANCH""}]",book/fortran-1976/01-besm6.md#section-4;book/fortran-1976/05-appendices.md
branch-176-group8-a7E8000000000,1,7E8000000000,AB1234567890,43,7E8000000000,7E8000000000,43,0,False,0;0;0;7;0;0;0;0;0;0;0;0;0;0;0;16384,8,True,1,,a;y;r;m;k,"[{""field"": ""y"", ""book"": ""000000000000"", ""issue"": ""BOOK-Y-BRANCH""}]",book/fortran-1976/01-besm6.md#section-4;book/fortran-1976/05-appendices.md
branch-184-group8-a7E8000000000,1,7E8000000000,AB1234567890,43,7E8000000000,7E8000000000,43,0,False,0;0;0;7;0;0;0;0;0;0;0;0;0;0;0;16384,16,False,1,,a;y;r;m;k,"[{""field"": ""y"", ""book"": ""000000000000"", ""issue"": ""BOOK-Y-BRANCH""}]",book/fortran-1976/01-besm6.md#section-4;book/fortran-1976/05-appendices.md
branch-176-group16-a828000000000,1,828000000000,AB1234567890,51,828000000000,828000000000,51,0,False,0;0;0;7;0;0;0;0;0;0;0;0;0;0;0;16384,16,False,1,,a;y;r;m;k,"[{""field"": ""y"", ""book"": ""000000000000"", ""issue"": ""BOOK-Y-BRANCH""}]",book/fortran-1976/01-besm6.md#section-4;book/fortran-1976/05-appendices.md
branch-184-group16-a828000000000,1,828000000000,AB1234567890,51,828000000000,828000000000,51,0,False,0;0;0;7;0;0;0;0;0;0;0;0;0;0;0;16384,8,True,1,,a;y;r;m;k,"[{""field"": ""y"", ""book"": ""000000000000"", ""issue"": ""BOOK-Y-BRANCH""}]",book/fortran-1976/01-besm6.md#section-4;book/fortran-1976/05-appendices.md
branch-176-group16-a810000000000,1,810000000000,AB1234567890,51,810000000000,810000000000,51,0,False,0;0;0;7;0;0;0;0;0;0;0;0;0;0;0;16384,8,True,1,,a;y;r;m;k,"[{""field"": ""y"", ""book"": ""000000000000"", ""issue"": ""BOOK-Y-BRANCH""}]",book/fortran-1976/01-besm6.md#section-4;book/fortran-1976/05-appendices.md
branch-184-group16-a810000000000,1,810000000000,AB1234567890,51,810000000000,810000000000,51,0,False,0;0;0;7;0;0;0;0;0;0;0;0;0;0;0;16384,16,False,1,,a;y;r;m;k,"[{""field"": ""y"", ""book"": ""000000000000"", ""issue"": ""BOOK-Y-BRANCH""}]",book/fortran-1976/01-besm6.md#section-4;book/fortran-1976/05-appendices.md
rte-preservation-discrepancy,1,123456789ABC,AB1234567890,51,660000000000,AB1234567890,39,0,False,0;0;0;7;0;0;0;0;0;0;0;0;0;0;0;16384,8,True,1,,y;r;m;k,"[{""field"": ""r"", ""book"": 51, ""issue"": ""BOOK-R-RTE""}]",book/fortran-1976/05-appendices.md
extracode-left-preserves-other-registers,1,123456789ABC,AB1234567890,51,123456789ABC,AB1234567890,39,0,False,0;0;0;7;0;0;0;0;0;0;0;0;0;0;17;16384,9,False,1,,r;m;k,"[{""field"": ""r"", ""book"": 51, ""issue"": ""BOOK-R-EXTRACODE""}]",book/fortran-1976/01-besm6.md#section-6
extracode-right-preserves-other-registers,2,123456789ABC,AB1234567890,51,123456789ABC,AB1234567890,39,0,False,0;0;0;7;0;0;0;0;0;0;0;0;0;0;17;16384,9,False,2,,r;m;k,"[{""field"": ""r"", ""book"": 51, ""issue"": ""BOOK-R-EXTRACODE""}]",book/fortran-1976/01-besm6.md#section-6
division-avost-0,1,889000000000,AB1234567890,6,889000000000,AB1234567890,6,0,False,0;0;0;7;0;0;0;0;0;0;0;0;0;0;0;16384,8,True,0,Division by zero,error,[],book/fortran-1976/01-besm6.md#section-5
division-avost-804000000000,1,889000000000,AB1234567890,6,889000000000,AB1234567890,6,0,False,0;0;0;7;0;0;0;0;0;0;0;0;0;0;0;16384,8,True,0,Division by zero,error,[],book/fortran-1976/01-besm6.md#section-5
overflow-after-normalization,1,FE8000000000,AB1234567890,6,028000000000,000000000000,6,0,False,0;0;0;7;0;0;0;0;0;0;0;0;0;0;0;16384,8,True,0,Arithmetic overflow,error,[],book/fortran-1976/01-besm6.md#section-5
zero-multiply,1,889000000000,AB1234567890,6,000000000000,AB0000000000,10,0,False,0;0;0;7;0;0;0;0;0;0;0;0;0;0;0;16384,8,True,1,,a;r;m;k,[],book/fortran-1976/01-besm6.md#section-5;book/fortran-1976/05-appendices.md
zero-subtract,1,889000000000,AB1234567890,6,000000000000,AB0000000000,18,0,False,0;0;0;7;0;0;0;0;0;0;0;0;0;0;0;16384,8,True,1,,a;r;m;k,[],book/fortran-1976/01-besm6.md#section-5;book/fortran-1976/05-appendices.md
underflow,1,008000000000,AB1234567890,6,000000000000,AB0000000000,10,0,False,0;0;0;7;0;0;0;0;0;0;0;0;0;0;0;16384,8,True,1,,a;r;m;k,[],book/fortran-1976/01-besm6.md#section-5;book/fortran-1976/05-appendices.md
dubna-stop,1,123456789ABC,AB1234567890,38,123456789ABC,AB1234567890,38,0,False,0;0;0;7;0;0;0;0;0;0;0;0;0;0;0;16384,8,True,1,,,[],book/fortran-1976/05-appendices.md
